Title,Date,URL,Content
Technical Difficulties,N/A,https://www.state.gov/designation-of-international-cartels/,"Weâre sorry, this site is currently experiencing technical difficulties.  Please try again in a few moments.
Exception: forbidden"
Technical Difficulties,N/A,https://www.state.gov/sanctioning-entities-that-have-traded-in-irans-petroleum/,"Weâre sorry, this site is currently experiencing technical difficulties.  Please try again in a few moments.
Exception: forbidden"
Technical Difficulties,N/A,https://www.state.gov/sanctioning-service-providers-that-facilitate-irans-crude-oil-trade/,"Weâre sorry, this site is currently experiencing technical difficulties.  Please try again in a few moments.
Exception: forbidden"
Technical Difficulties,N/A,https://www.state.gov/on-the-presidents-action-to-protect-americans-from-dangerous-foreign-gang-members/,"Weâre sorry, this site is currently experiencing technical difficulties.  Please try again in a few moments.
Exception: forbidden"
Technical Difficulties,N/A,https://www.state.gov/congratulations-to-the-belizean-people-on-their-democratic-election/,"Weâre sorry, this site is currently experiencing technical difficulties.  Please try again in a few moments.
Exception: forbidden"
Technical Difficulties,N/A,https://www.state.gov/announcement-of-a-visa-restriction-policy-to-address-the-forced-return-of-uyghurs-and-members-of-other-ethnic-or-religious-groups-with-protection-concerns-to-china/,"Weâre sorry, this site is currently experiencing technical difficulties.  Please try again in a few moments.
Exception: forbidden"
Technical Difficulties,N/A,https://www.state.gov/priorities-and-mission-of-the-second-trump-administrations-department-of-state/,"Weâre sorry, this site is currently experiencing technical difficulties.  Please try again in a few moments.
Exception: forbidden"
Technical Difficulties,N/A,https://www.state.gov/united-states-renewed-membership-in-the-geneva-consensus-declaration-on-promoting-womens-health-and-strengthening-the-family/,"Weâre sorry, this site is currently experiencing technical difficulties.  Please try again in a few moments.
Exception: forbidden"
Technical Difficulties,N/A,https://www.state.gov/statement-of-the-g7-foreign-ministers-meeting-in-charlevoix/,"Weâre sorry, this site is currently experiencing technical difficulties.  Please try again in a few moments.
Exception: forbidden"
Technical Difficulties,N/A,https://www.state.gov/ambassador-murrays-travel-to-the-republic-of-korea-for-the-first-apec-senior-officials-meeting/,"Weâre sorry, this site is currently experiencing technical difficulties.  Please try again in a few moments.
Exception: forbidden"
Technical Difficulties,N/A,https://www.state.gov/joint-statement-on-the-trilateral-united-states-japan-republic-of-korea-meeting-in-munich/,"Weâre sorry, this site is currently experiencing technical difficulties.  Please try again in a few moments.
Exception: forbidden"
Technical Difficulties,N/A,https://www.state.gov/secretary-rubio-authorizes-visa-restrictions-on-colombian-government-officials-and-their-immediate-family-members/,"Weâre sorry, this site is currently experiencing technical difficulties.  Please try again in a few moments.
Exception: forbidden"
Technical Difficulties,N/A,https://www.state.gov/secretary-of-state-designate-marco-rubio-with-gayle-king-tony-dokoupil-and-nate-burleson-of-cbs-morning/,"Weâre sorry, this site is currently experiencing technical difficulties.  Please try again in a few moments.
Exception: forbidden"
Technical Difficulties,N/A,https://www.state.gov/secretary-of-state-designate-marco-rubio-with-george-stephanopoulos-of-good-morning-america/,"Weâre sorry, this site is currently experiencing technical difficulties.  Please try again in a few moments.
Exception: forbidden"
Technical Difficulties,N/A,https://www.state.gov/secretary-rubios-call-with-russian-foreign-minister-lavrov-3/,"Weâre sorry, this site is currently experiencing technical difficulties.  Please try again in a few moments.
Exception: forbidden"
Technical Difficulties,N/A,https://www.state.gov/secretary-rubios-meeting-with-australian-minister-for-foreign-affairs-wong/,"Weâre sorry, this site is currently experiencing technical difficulties.  Please try again in a few moments.
Exception: forbidden"
Technical Difficulties,N/A,https://www.state.gov/secretary-rubios-call-with-philippine-secretary-of-foreign-affairs-manalo/,"Weâre sorry, this site is currently experiencing technical difficulties.  Please try again in a few moments.
Exception: forbidden"
